epoch,accuracy,loss,precision,recall,val_accuracy,val_loss,val_precision,val_recall
0,0.6173184514045715,0.9846838116645813,0.7894002795219421,0.39525139331817627,0.7311475276947021,0.780852198600769,0.8483412265777588,0.5868852734565735
1,0.7814245820045471,0.6369694471359253,0.8422877192497253,0.6787709593772888,0.7311475276947021,0.7092629075050354,0.826839804649353,0.6262295246124268
2,0.8093575239181519,0.5376563668251038,0.8634505271911621,0.7374301552772522,0.7672131061553955,0.6228445172309875,0.8333333134651184,0.688524603843689
3,0.8226256966590881,0.49242234230041504,0.8682539463043213,0.7639665007591248,0.77704918384552,0.5960462689399719,0.8409090638160706,0.7278688549995422
4,0.8554469347000122,0.4343767762184143,0.8843798041343689,0.8065642714500427,0.8098360896110535,0.5614470839500427,0.8503649830818176,0.7639344334602356
5,0.8554469347000122,0.42023685574531555,0.8931008577346802,0.8226256966590881,0.7901639342308044,0.5495566725730896,0.8369565010070801,0.757377028465271
6,0.8777933120727539,0.3855416178703308,0.9035418033599854,0.8372905254364014,0.8065573573112488,0.5099680423736572,0.8576778769493103,0.7508196830749512
7,0.8624301552772522,0.3818275034427643,0.8880652189254761,0.8365921974182129,0.8065573573112488,0.5000166893005371,0.8498168587684631,0.7606557607650757
8,0.8701117038726807,0.3696258068084717,0.8941524624824524,0.8435754179954529,0.8295081853866577,0.4821607172489166,0.8602150678634644,0.7868852615356445
9,0.876396656036377,0.3517701029777527,0.9031296372413635,0.8463687300682068,0.8163934350013733,0.48252883553504944,0.8421052694320679,0.7868852615356445
10,0.8833798766136169,0.32468482851982117,0.9057437181472778,0.8589385747909546,0.8262295126914978,0.48961740732192993,0.8647686839103699,0.796721339225769
11,0.8798882961273193,0.33518657088279724,0.89670330286026,0.8547486066818237,0.8295081853866577,0.4582652151584625,0.8556337952613831,0.796721339225769
12,0.8791899681091309,0.32701966166496277,0.9002200961112976,0.8568435907363892,0.8360655903816223,0.4492412507534027,0.8678571581840515,0.796721339225769
13,0.8952513933181763,0.3161042332649231,0.9044820070266724,0.8596368432044983,0.8459016680717468,0.4419473707675934,0.8853046298027039,0.8098360896110535
14,0.8882681727409363,0.29892322421073914,0.9050036072731018,0.8715083599090576,0.8327868580818176,0.435146689414978,0.8611111044883728,0.8131147623062134
0,0.8889665007591248,0.29902249574661255,0.9077599048614502,0.8659217953681946,0.8557376861572266,0.425639271736145,0.8741258978843689,0.8196721076965332
1,0.8994413614273071,0.28243759274482727,0.9156976938247681,0.8798882961273193,0.8557376861572266,0.4148906469345093,0.8685120940208435,0.8229508399963379
2,0.9064245820045471,0.2771987318992615,0.9147564172744751,0.8917597532272339,0.8590164184570312,0.4223034083843231,0.8741496801376343,0.8426229357719421
3,0.8980447053909302,0.27389585971832275,0.9127613306045532,0.8840782046318054,0.8557376861572266,0.40504875779151917,0.8741496801376343,0.8426229357719421
4,0.9057262539863586,0.26130416989326477,0.9160688519477844,0.8917597532272339,0.868852436542511,0.38800400495529175,0.8916084170341492,0.8360655903816223
5,0.9127094745635986,0.23903556168079376,0.9220314621925354,0.9001396894454956,0.8622950911521912,0.3946376442909241,0.8805460929870605,0.8459016680717468
6,0.9078212380409241,0.24145592749118805,0.9224694967269897,0.8973463773727417,0.8622950911521912,0.38876256346702576,0.8793103694915771,0.8360655903816223
7,0.9127094745635986,0.237838014960289,0.9214285612106323,0.9008380174636841,0.868852436542511,0.39899757504463196,0.8813559412956238,0.8524590134620667
8,0.9189944267272949,0.23219308257102966,0.9284692406654358,0.9064245820045471,0.8721311688423157,0.3892196714878082,0.8813559412956238,0.8524590134620667
9,0.9196927547454834,0.22739094495773315,0.929648220539093,0.9043295979499817,0.8721311688423157,0.3755202889442444,0.8805460929870605,0.8459016680717468
10,0.9259776473045349,0.20711477100849152,0.9318181872367859,0.916201114654541,0.868852436542511,0.374883770942688,0.8809523582458496,0.8491803407669067
11,0.9266759753227234,0.19898268580436707,0.9353693127632141,0.9196927547454834,0.8754098415374756,0.36634737253189087,0.8888888955116272,0.8655737638473511
12,0.924580991268158,0.21271932125091553,0.93304842710495,0.9148044586181641,0.8721311688423157,0.3596274256706238,0.8885135054588318,0.8622950911521912
13,0.9357541799545288,0.18916632235050201,0.9426345825195312,0.9294692873954773,0.8786885142326355,0.3638606071472168,0.8918918967247009,0.8655737638473511
14,0.9343575239181519,0.19301140308380127,0.9423487782478333,0.924580991268158,0.8819671869277954,0.3592536747455597,0.8952702879905701,0.868852436542511
